"","Date","M_Variant_M","M_Variant_L","M_Variant_U","A_Variant_M","A_Variant_L","A_Variant_U","O_Variant_M","O_Variant_L","O_Variant_U","Al_Variant_M","Al_Variant_L","Al_Variant_U","M_fit_M","A_fit_M","O_fit_M","Al_fit_M","M_fit_L","A_fit_L","O_fit_L","Al_fit_L","M_fit_U","A_fit_U","O_fit_U","Al_fit_U"
"1",2020-07-01,NA,NA,NA,NA,NA,NA,NA,NA,NA,NA,NA,NA,0,2,13,0,0,0,2,0,0,54,164,0
"2",2020-07-02,NA,NA,NA,NA,NA,NA,NA,NA,NA,NA,NA,NA,0,3,20,0,0,0,3,0,0,83,248,0
"3",2020-07-03,NA,NA,NA,NA,NA,NA,NA,NA,NA,NA,NA,NA,0,4,24,0,0,0,4,0,0,98,292,0
"4",2020-07-04,NA,NA,NA,NA,NA,NA,NA,NA,NA,NA,NA,NA,0,4,27,0,0,0,4,0,0,108,316,0
"5",2020-07-05,NA,NA,NA,NA,NA,NA,NA,NA,NA,NA,NA,NA,0,4,28,0,0,0,4,0,0,114,329,0
"6",2020-07-06,NA,NA,NA,NA,NA,NA,NA,NA,NA,NA,NA,NA,0,5,29,0,0,0,4,0,0,119,338,0
"7",2020-07-07,NA,NA,NA,NA,NA,NA,NA,NA,NA,NA,NA,NA,0,5,30,0,0,1,5,0,0,123,344,0
"8",2020-07-08,NA,NA,NA,NA,NA,NA,NA,NA,NA,NA,NA,NA,0,5,31,0,0,1,5,0,0,128,348,0
"9",2020-07-09,NA,NA,NA,NA,NA,NA,NA,NA,NA,NA,NA,NA,0,5,32,0,0,1,5,0,0,131,352,0
"10",2020-07-10,NA,NA,NA,NA,NA,NA,NA,NA,NA,NA,NA,NA,0,6,34,0,0,1,6,0,0,135,356,0
"11",2020-07-11,NA,NA,NA,NA,NA,NA,NA,NA,NA,NA,NA,NA,0,6,35,0,0,1,6,0,0,139,361,0
"12",2020-07-12,NA,NA,NA,NA,NA,NA,NA,NA,NA,NA,NA,NA,0,6,36,0,0,1,6,0,0,144,366,0
"13",2020-07-13,NA,NA,NA,NA,NA,NA,NA,NA,NA,NA,NA,NA,0,7,37,0,0,1,6,0,0,148,370,0
"14",2020-07-14,NA,NA,NA,NA,NA,NA,NA,NA,NA,NA,NA,NA,0,7,38,0,0,1,7,0,0,152,376,0
"15",2020-07-15,NA,NA,NA,NA,NA,NA,NA,NA,NA,NA,NA,NA,0,7,39,0,0,1,7,0,0,157,381,0
"16",2020-07-16,NA,NA,NA,NA,NA,NA,NA,NA,NA,NA,NA,NA,0,8,40,0,0,1,7,0,0,161,386,0
"17",2020-07-17,NA,NA,NA,NA,NA,NA,NA,NA,NA,NA,NA,NA,0,8,42,0,0,1,8,0,0,166,391,0
"18",2020-07-18,NA,NA,NA,NA,NA,NA,NA,NA,NA,NA,NA,NA,0,9,43,0,0,1,8,0,0,171,396,0
"19",2020-07-19,NA,NA,NA,NA,NA,NA,NA,NA,NA,NA,NA,NA,0,9,44,0,0,1,9,0,0,176,402,0
"20",2020-07-20,NA,NA,NA,NA,NA,NA,NA,NA,NA,NA,NA,NA,0,10,45,0,0,1,9,0,0,181,407,0
"21",2020-07-21,NA,NA,NA,NA,NA,NA,NA,NA,NA,NA,NA,NA,0,10,47,0,0,1,9,0,0,186,413,0
"22",2020-07-22,NA,NA,NA,NA,NA,NA,NA,NA,NA,NA,NA,NA,0,11,48,0,0,1,10,0,0,192,419,0
"23",2020-07-23,NA,NA,NA,NA,NA,NA,NA,NA,NA,NA,NA,NA,0,11,50,0,0,2,10,0,0,198,425,0
"24",2020-07-24,NA,NA,NA,NA,NA,NA,NA,NA,NA,NA,NA,NA,0,12,51,0,0,2,11,0,0,203,432,0
"25",2020-07-25,NA,NA,NA,NA,NA,NA,NA,NA,NA,NA,NA,NA,0,13,53,0,0,2,11,0,0,209,438,0
"26",2020-07-26,NA,NA,NA,NA,NA,NA,NA,NA,NA,NA,NA,NA,0,13,54,0,0,2,12,0,0,215,446,0
"27",2020-07-27,NA,NA,NA,NA,NA,NA,NA,NA,NA,NA,NA,NA,0,14,56,0,0,2,12,0,0,222,454,0
"28",2020-07-28,NA,NA,NA,NA,NA,NA,NA,NA,NA,NA,NA,NA,0,15,58,0,0,2,13,0,0,228,462,0
"29",2020-07-29,NA,NA,NA,NA,NA,NA,NA,NA,NA,NA,NA,NA,0,16,59,0,0,2,14,0,0,235,471,0
"30",2020-07-30,NA,NA,NA,NA,NA,NA,NA,NA,NA,NA,NA,NA,0,17,61,0,0,3,14,0,0,242,479,0
"31",2020-07-31,NA,NA,NA,NA,NA,NA,NA,NA,NA,NA,NA,NA,0,18,63,0,0,3,15,0,0,249,487,0
"32",2020-08-01,NA,NA,NA,32,16,53,59,37,75,NA,NA,NA,0,19,65,0,0,3,16,0,0,256,496,0
"33",2020-08-02,NA,NA,NA,NA,NA,NA,NA,NA,NA,NA,NA,NA,0,20,67,0,0,3,17,0,0,263,505,0
"34",2020-08-03,NA,NA,NA,NA,NA,NA,NA,NA,NA,NA,NA,NA,0,21,69,0,0,4,17,0,0,271,514,0
"35",2020-08-04,NA,NA,NA,NA,NA,NA,NA,NA,NA,NA,NA,NA,0,22,71,0,0,4,18,0,0,279,522,0
"36",2020-08-05,NA,NA,NA,NA,NA,NA,NA,NA,NA,NA,NA,NA,0,23,73,0,0,4,19,0,0,287,530,0
"37",2020-08-06,NA,NA,NA,NA,NA,NA,NA,NA,NA,NA,NA,NA,0,25,76,0,0,4,20,0,0,295,538,0
"38",2020-08-07,NA,NA,NA,NA,NA,NA,NA,NA,NA,NA,NA,NA,0,26,78,0,0,5,21,0,0,304,546,0
"39",2020-08-08,NA,NA,NA,NA,NA,NA,NA,NA,NA,NA,NA,NA,0,27,81,0,0,5,22,0,0,313,550,0
"40",2020-08-09,NA,NA,NA,NA,NA,NA,NA,NA,NA,NA,NA,NA,0,29,83,0,0,5,23,0,0,322,551,0
"41",2020-08-10,NA,NA,NA,NA,NA,NA,NA,NA,NA,NA,NA,NA,0,30,86,0,0,6,24,0,0,331,552,0
"42",2020-08-11,NA,NA,NA,NA,NA,NA,NA,NA,NA,NA,NA,NA,0,32,90,0,0,6,25,0,0,340,553,0
"43",2020-08-12,NA,NA,NA,NA,NA,NA,NA,NA,NA,NA,NA,NA,0,33,93,0,0,7,26,0,0,352,555,0
"44",2020-08-13,NA,NA,NA,NA,NA,NA,NA,NA,NA,NA,NA,NA,0,35,96,0,0,7,27,0,0,364,556,0
"45",2020-08-14,NA,NA,NA,NA,NA,NA,NA,NA,NA,NA,NA,NA,0,37,99,0,0,8,28,0,0,377,558,0
"46",2020-08-15,NA,NA,NA,NA,NA,NA,NA,NA,NA,NA,NA,NA,0,39,102,0,0,8,29,0,0,390,564,0
"47",2020-08-16,NA,NA,NA,NA,NA,NA,NA,NA,NA,NA,NA,NA,0,41,106,0,0,9,31,0,0,401,573,0
"48",2020-08-17,NA,NA,NA,NA,NA,NA,NA,NA,NA,NA,NA,NA,0,44,109,0,0,10,32,0,0,412,582,0
"49",2020-08-18,NA,NA,NA,NA,NA,NA,NA,NA,NA,NA,NA,NA,0,46,112,0,0,10,33,0,0,423,591,0
"50",2020-08-19,NA,NA,NA,NA,NA,NA,NA,NA,NA,NA,NA,NA,0,49,115,0,0,11,34,0,0,435,599,0
"51",2020-08-20,NA,NA,NA,NA,NA,NA,NA,NA,NA,NA,NA,NA,0,51,118,0,0,12,36,0,0,448,609,0
"52",2020-08-21,NA,NA,NA,NA,NA,NA,NA,NA,NA,NA,NA,NA,0,54,122,0,0,13,37,0,0,465,619,0
"53",2020-08-22,NA,NA,NA,NA,NA,NA,NA,NA,NA,NA,NA,NA,0,57,125,0,0,14,39,0,0,482,631,0
"54",2020-08-23,NA,NA,NA,NA,NA,NA,NA,NA,NA,NA,NA,NA,0,60,129,0,0,15,41,0,0,500,643,0
"55",2020-08-24,NA,NA,NA,NA,NA,NA,NA,NA,NA,NA,NA,NA,0,63,134,0,0,16,42,0,0,518,656,0
"56",2020-08-25,NA,NA,NA,NA,NA,NA,NA,NA,NA,NA,NA,NA,0,67,137,0,0,17,44,0,0,534,669,0
"57",2020-08-26,NA,NA,NA,NA,NA,NA,NA,NA,NA,NA,NA,NA,0,70,141,0,0,18,46,0,0,550,682,0
"58",2020-08-27,NA,NA,NA,NA,NA,NA,NA,NA,NA,NA,NA,NA,0,74,145,0,0,19,48,0,0,566,695,0
"59",2020-08-28,NA,NA,NA,NA,NA,NA,NA,NA,NA,NA,NA,NA,0,78,149,0,0,21,50,0,0,582,708,0
"60",2020-08-29,NA,NA,NA,NA,NA,NA,NA,NA,NA,NA,NA,NA,0,83,154,0,0,22,52,0,0,599,718,0
"61",2020-08-30,NA,NA,NA,NA,NA,NA,NA,NA,NA,NA,NA,NA,0,87,159,0,0,24,54,0,0,616,725,0
"62",2020-08-31,NA,NA,NA,NA,NA,NA,NA,NA,NA,NA,NA,NA,0,91,163,0,0,26,56,0,0,637,732,0
"63",2020-09-01,NA,NA,NA,NA,NA,NA,NA,NA,NA,NA,NA,NA,0,96,168,0,0,28,58,0,0,660,739,0
"64",2020-09-02,NA,NA,NA,NA,NA,NA,NA,NA,NA,NA,NA,NA,0,100,174,0,0,30,61,0,0,684,746,0
"65",2020-09-03,NA,NA,NA,NA,NA,NA,NA,NA,NA,NA,NA,NA,0,105,179,0,0,32,63,0,0,710,753,0
"66",2020-09-04,NA,NA,NA,NA,NA,NA,NA,NA,NA,NA,NA,NA,0,111,184,0,0,34,66,0,0,737,761,0
"67",2020-09-05,NA,NA,NA,NA,NA,NA,NA,NA,NA,NA,NA,NA,0,117,190,0,0,36,68,0,0,766,771,0
"68",2020-09-06,NA,NA,NA,NA,NA,NA,NA,NA,NA,NA,NA,NA,0,123,196,0,0,39,71,0,0,796,785,0
"69",2020-09-07,NA,NA,NA,NA,NA,NA,NA,NA,NA,NA,NA,NA,0,130,202,0,0,42,74,0,0,828,800,0
"70",2020-09-08,NA,NA,NA,NA,NA,NA,NA,NA,NA,NA,NA,NA,0,137,209,0,0,45,77,0,0,861,815,0
"71",2020-09-09,NA,NA,NA,NA,NA,NA,NA,NA,NA,NA,NA,NA,0,144,216,0,0,48,80,0,0,896,830,0
"72",2020-09-10,NA,NA,NA,NA,NA,NA,NA,NA,NA,NA,NA,NA,0,152,223,0,0,51,82,0,0,932,845,0
"73",2020-09-11,NA,NA,NA,NA,NA,NA,NA,NA,NA,NA,NA,NA,0,160,230,0,0,55,85,0,0,969,861,0
"74",2020-09-12,NA,NA,NA,NA,NA,NA,NA,NA,NA,NA,NA,NA,0,169,238,0,0,58,89,0,0,1008,872,0
"75",2020-09-13,NA,NA,NA,NA,NA,NA,NA,NA,NA,NA,NA,NA,0,179,246,0,0,61,92,0,0,1045,881,0
"76",2020-09-14,NA,NA,NA,NA,NA,NA,NA,NA,NA,NA,NA,NA,0,188,254,0,0,66,96,0,0,1080,890,0
"77",2020-09-15,NA,NA,NA,NA,NA,NA,NA,NA,NA,NA,NA,NA,0,200,262,0,0,71,100,0,0,1116,900,0
"78",2020-09-16,NA,NA,NA,NA,NA,NA,NA,NA,NA,NA,NA,NA,0,210,270,0,0,76,104,0,0,1145,915,0
"79",2020-09-17,NA,NA,NA,NA,NA,NA,NA,NA,NA,NA,NA,NA,0,221,279,0,0,82,108,0,0,1171,936,0
"80",2020-09-18,NA,NA,NA,NA,NA,NA,NA,NA,NA,NA,NA,NA,0,233,288,0,0,88,113,0,0,1197,946,0
"81",2020-09-19,NA,NA,NA,NA,NA,NA,NA,NA,NA,NA,NA,NA,0,244,297,0,0,94,118,0,0,1223,961,0
"82",2020-09-20,NA,NA,NA,NA,NA,NA,NA,NA,NA,NA,NA,NA,0,258,305,0,0,101,123,0,0,1256,976,0
"83",2020-09-21,NA,NA,NA,NA,NA,NA,NA,NA,NA,NA,NA,NA,0,271,315,0,0,108,128,0,0,1297,992,0
"84",2020-09-22,NA,NA,NA,NA,NA,NA,NA,NA,NA,NA,NA,NA,0,286,324,0,0,116,133,0,0,1344,1008,0
"85",2020-09-23,NA,NA,NA,NA,NA,NA,NA,NA,NA,NA,NA,NA,0,301,334,0,0,125,138,0,0,1393,1024,0
"86",2020-09-24,NA,NA,NA,NA,NA,NA,NA,NA,NA,NA,NA,NA,0,317,344,0,0,133,144,0,0,1444,1040,0
"87",2020-09-25,NA,NA,NA,NA,NA,NA,NA,NA,NA,NA,NA,NA,0,335,355,0,0,142,150,0,0,1498,1056,0
"88",2020-09-26,NA,NA,NA,NA,NA,NA,NA,NA,NA,NA,NA,NA,0,355,367,0,0,151,156,0,0,1556,1072,0
"89",2020-09-27,NA,NA,NA,NA,NA,NA,NA,NA,NA,NA,NA,NA,0,375,379,0,0,159,162,0,0,1621,1089,0
"90",2020-09-28,NA,NA,NA,NA,NA,NA,NA,NA,NA,NA,NA,NA,0,394,389,0,0,167,167,0,0,1709,1105,0
"91",2020-09-29,NA,NA,NA,NA,NA,NA,NA,NA,NA,NA,NA,NA,0,413,401,0,0,178,172,0,0,1777,1121,0
"92",2020-09-30,NA,NA,NA,NA,NA,NA,NA,NA,NA,NA,NA,NA,0,434,415,0,0,189,179,0,0,1839,1138,0
"93",2020-10-01,NA,NA,NA,476,24,927,476,24,927,NA,NA,NA,0,457,428,0,0,200,185,0,0,1901,1153,0
"94",2020-10-02,NA,NA,NA,NA,NA,NA,NA,NA,NA,NA,NA,NA,57,483,440,0,13,211,191,0,172,1968,1170,0
"95",2020-10-03,NA,NA,NA,NA,NA,NA,NA,NA,NA,NA,NA,NA,86,509,452,0,20,224,198,0,255,2045,1187,0
"96",2020-10-04,NA,NA,NA,NA,NA,NA,NA,NA,NA,NA,NA,NA,101,541,463,0,24,237,204,0,294,2128,1206,0
"97",2020-10-05,NA,NA,NA,NA,NA,NA,NA,NA,NA,NA,NA,NA,110,572,474,0,26,251,212,0,311,2217,1225,0
"98",2020-10-06,NA,NA,NA,NA,NA,NA,NA,NA,NA,NA,NA,NA,116,601,484,0,29,267,220,0,321,2310,1248,0
"99",2020-10-07,NA,NA,NA,NA,NA,NA,NA,NA,NA,NA,NA,NA,120,635,498,0,30,285,228,0,326,2407,1272,0
"100",2020-10-08,NA,NA,NA,NA,NA,NA,NA,NA,NA,NA,NA,NA,123,673,512,0,32,304,236,0,328,2508,1296,0
"101",2020-10-09,NA,NA,NA,NA,NA,NA,NA,NA,NA,NA,NA,NA,126,708,529,0,34,324,245,0,330,2614,1320,0
"102",2020-10-10,NA,NA,NA,NA,NA,NA,NA,NA,NA,NA,NA,NA,130,744,549,0,36,343,254,0,331,2709,1354,0
"103",2020-10-11,NA,NA,NA,NA,NA,NA,NA,NA,NA,NA,NA,NA,133,783,569,0,38,362,264,0,329,2806,1390,0
"104",2020-10-12,NA,NA,NA,NA,NA,NA,NA,NA,NA,NA,NA,NA,135,828,588,0,40,380,273,0,327,2909,1419,0
"105",2020-10-13,NA,NA,NA,NA,NA,NA,NA,NA,NA,NA,NA,NA,138,877,607,0,42,395,282,0,327,3019,1445,0
"106",2020-10-14,NA,NA,NA,NA,NA,NA,NA,NA,NA,NA,NA,NA,143,927,626,0,45,409,291,0,331,3136,1500,0
"107",2020-10-15,NA,NA,NA,NA,NA,NA,NA,NA,NA,NA,NA,NA,148,979,643,0,48,425,300,0,338,3256,1539,0
"108",2020-10-16,NA,NA,NA,NA,NA,NA,NA,NA,NA,NA,NA,NA,153,1027,662,0,50,447,310,0,343,3401,1580,0
"109",2020-10-17,NA,NA,NA,NA,NA,NA,NA,NA,NA,NA,NA,NA,157,1079,683,0,53,472,320,0,345,3561,1615,0
"110",2020-10-18,NA,NA,NA,NA,NA,NA,NA,NA,NA,NA,NA,NA,162,1138,706,0,55,495,330,0,346,3728,1648,0
"111",2020-10-19,NA,NA,NA,NA,NA,NA,NA,NA,NA,NA,NA,NA,167,1203,728,0,58,521,341,0,349,3904,1681,0
"112",2020-10-20,NA,NA,NA,NA,NA,NA,NA,NA,NA,NA,NA,NA,170,1268,751,0,62,552,354,0,352,4093,1715,0
"113",2020-10-21,NA,NA,NA,NA,NA,NA,NA,NA,NA,NA,NA,NA,175,1327,774,0,65,583,368,0,356,4237,1750,0
"114",2020-10-22,NA,NA,NA,NA,NA,NA,NA,NA,NA,NA,NA,NA,180,1394,801,0,67,612,379,0,361,4341,1785,0
"115",2020-10-23,NA,NA,NA,NA,NA,NA,NA,NA,NA,NA,NA,NA,185,1467,823,0,71,642,383,0,371,4447,1822,0
"116",2020-10-24,NA,NA,NA,NA,NA,NA,NA,NA,NA,NA,NA,NA,190,1542,847,0,74,673,387,0,383,4580,1862,0
"117",2020-10-25,NA,NA,NA,NA,NA,NA,NA,NA,NA,NA,NA,NA,194,1609,871,0,78,704,396,0,395,4722,1903,0
"118",2020-10-26,NA,NA,NA,NA,NA,NA,NA,NA,NA,NA,NA,NA,198,1694,895,0,82,734,406,0,403,4899,1941,0
"119",2020-10-27,NA,NA,NA,NA,NA,NA,NA,NA,NA,NA,NA,NA,204,1776,918,0,86,766,416,0,412,5102,1971,0
"120",2020-10-28,NA,NA,NA,NA,NA,NA,NA,NA,NA,NA,NA,NA,210,1849,940,0,89,791,427,0,420,5273,2007,0
"121",2020-10-29,NA,NA,NA,NA,NA,NA,NA,NA,NA,NA,NA,NA,217,1921,966,0,93,816,439,0,430,5483,2047,0
"122",2020-10-30,NA,NA,NA,NA,NA,NA,NA,NA,NA,NA,NA,NA,225,2005,995,0,97,842,453,0,440,5699,2088,0
"123",2020-10-31,NA,NA,NA,NA,NA,NA,NA,NA,NA,NA,NA,NA,232,2103,1022,0,101,876,465,0,455,5920,2138,0
"124",2020-11-01,483,262,835,1665,1278,2028,806,511,1189,NA,NA,NA,235,2207,1053,0,105,913,471,0,463,6135,2195,0
"125",2020-11-02,NA,NA,NA,NA,NA,NA,NA,NA,NA,NA,NA,NA,241,2311,1076,18,109,953,480,2,477,6429,2254,246
"126",2020-11-03,NA,NA,NA,NA,NA,NA,NA,NA,NA,NA,NA,NA,251,2434,1101,28,115,997,491,3,498,6678,2308,387
"127",2020-11-04,NA,NA,NA,NA,NA,NA,NA,NA,NA,NA,NA,NA,263,2537,1129,35,119,1045,503,4,523,6919,2369,484
"128",2020-11-05,NA,NA,NA,NA,NA,NA,NA,NA,NA,NA,NA,NA,278,2632,1162,42,124,1095,518,5,551,7276,2436,565
"129",2020-11-06,NA,NA,NA,NA,NA,NA,NA,NA,NA,NA,NA,NA,295,2765,1195,48,129,1146,533,6,580,7657,2496,643
"130",2020-11-07,NA,NA,NA,NA,NA,NA,NA,NA,NA,NA,NA,NA,311,2894,1227,54,133,1200,542,7,609,8071,2569,724
"131",2020-11-08,NA,NA,NA,NA,NA,NA,NA,NA,NA,NA,NA,NA,328,3037,1255,60,138,1248,551,8,648,8502,2631,810
"132",2020-11-09,NA,NA,NA,NA,NA,NA,NA,NA,NA,NA,NA,NA,345,3181,1283,67,144,1300,560,9,691,8949,2688,905
"133",2020-11-10,NA,NA,NA,NA,NA,NA,NA,NA,NA,NA,NA,NA,360,3314,1305,75,149,1357,570,11,736,9413,2738,1009
"134",2020-11-11,NA,NA,NA,NA,NA,NA,NA,NA,NA,NA,NA,NA,377,3434,1338,83,154,1417,579,12,786,9892,2797,1124
"135",2020-11-12,NA,NA,NA,NA,NA,NA,NA,NA,NA,NA,NA,NA,394,3586,1366,93,159,1478,588,14,835,10387,2839,1242
"136",2020-11-13,NA,NA,NA,NA,NA,NA,NA,NA,NA,NA,NA,NA,414,3730,1396,104,165,1542,597,15,888,10901,2904,1369
"137",2020-11-14,NA,NA,NA,NA,NA,NA,NA,NA,NA,NA,NA,NA,435,3879,1414,115,171,1608,605,17,940,11466,2969,1510
"138",2020-11-15,NA,NA,NA,NA,NA,NA,NA,NA,NA,NA,NA,NA,456,4020,1438,129,178,1675,614,19,997,11962,3038,1646
"139",2020-11-16,NA,NA,NA,NA,NA,NA,NA,NA,NA,NA,NA,NA,443,3867,1369,131,178,1630,586,20,959,11553,2903,1624
"140",2020-11-17,NA,NA,NA,NA,NA,NA,NA,NA,NA,NA,NA,NA,433,3762,1316,134,176,1597,563,21,929,11170,2803,1617
"141",2020-11-18,NA,NA,NA,NA,NA,NA,NA,NA,NA,NA,NA,NA,425,3716,1260,139,175,1575,543,23,903,10839,2712,1618
"142",2020-11-19,NA,NA,NA,NA,NA,NA,NA,NA,NA,NA,NA,NA,421,3682,1220,144,174,1566,525,25,881,10535,2648,1623
"143",2020-11-20,NA,NA,NA,NA,NA,NA,NA,NA,NA,NA,NA,NA,417,3616,1175,148,173,1558,507,26,861,10247,2587,1629
"144",2020-11-21,NA,NA,NA,NA,NA,NA,NA,NA,NA,NA,NA,NA,409,3533,1134,153,173,1550,490,28,845,9966,2510,1635
"145",2020-11-22,NA,NA,NA,NA,NA,NA,NA,NA,NA,NA,NA,NA,402,3471,1093,160,173,1540,471,30,832,9690,2456,1642
"146",2020-11-23,NA,NA,NA,NA,NA,NA,NA,NA,NA,NA,NA,NA,398,3392,1055,167,172,1522,451,32,817,9418,2404,1648
"147",2020-11-24,NA,NA,NA,NA,NA,NA,NA,NA,NA,NA,NA,NA,392,3321,1024,172,169,1505,433,34,802,9157,2336,1653
"148",2020-11-25,NA,NA,NA,NA,NA,NA,NA,NA,NA,NA,NA,NA,385,3242,984,177,168,1482,415,36,786,8900,2265,1658
"149",2020-11-26,NA,NA,NA,NA,NA,NA,NA,NA,NA,NA,NA,NA,379,3159,943,183,167,1451,397,38,768,8646,2196,1663
"150",2020-11-27,NA,NA,NA,NA,NA,NA,NA,NA,NA,NA,NA,NA,377,3091,911,190,166,1421,381,39,751,8394,2128,1667
"151",2020-11-28,NA,NA,NA,NA,NA,NA,NA,NA,NA,NA,NA,NA,369,3023,880,198,165,1391,363,41,734,8143,2061,1670
"152",2020-11-29,NA,NA,NA,NA,NA,NA,NA,NA,NA,NA,NA,NA,363,2974,850,205,163,1362,346,43,723,7842,2007,1673
"153",2020-11-30,NA,NA,NA,NA,NA,NA,NA,NA,NA,NA,NA,NA,357,2920,816,213,161,1333,330,45,709,7549,1955,1675
"154",2020-12-01,683,439,1016,1927,1562,2277,642,407,971,241,112,497,346,2841,780,220,159,1300,315,47,683,7252,1909,1670
"155",2020-12-02,NA,NA,NA,NA,NA,NA,NA,NA,NA,NA,NA,NA,333,2770,751,226,155,1267,300,49,661,6961,1876,1664
"156",2020-12-03,NA,NA,NA,NA,NA,NA,NA,NA,NA,NA,NA,NA,329,2701,719,233,151,1236,287,51,644,6687,1845,1661
"157",2020-12-04,NA,NA,NA,NA,NA,NA,NA,NA,NA,NA,NA,NA,325,2631,689,241,148,1207,272,53,630,6425,1813,1678
"158",2020-12-05,NA,NA,NA,NA,NA,NA,NA,NA,NA,NA,NA,NA,323,2578,659,249,146,1178,258,56,621,6182,1781,1698
"159",2020-12-06,NA,NA,NA,NA,NA,NA,NA,NA,NA,NA,NA,NA,318,2516,630,257,144,1151,247,59,613,6016,1749,1720
"160",2020-12-07,NA,NA,NA,NA,NA,NA,NA,NA,NA,NA,NA,NA,314,2449,608,266,143,1125,236,61,605,5852,1717,1744
"161",2020-12-08,NA,NA,NA,NA,NA,NA,NA,NA,NA,NA,NA,NA,310,2392,579,274,142,1099,226,64,598,5691,1685,1767
"162",2020-12-09,NA,NA,NA,NA,NA,NA,NA,NA,NA,NA,NA,NA,306,2321,552,284,141,1077,217,67,592,5532,1641,1790
"163",2020-12-10,NA,NA,NA,NA,NA,NA,NA,NA,NA,NA,NA,NA,303,2247,529,292,141,1056,207,70,585,5375,1593,1812
"164",2020-12-11,NA,NA,NA,NA,NA,NA,NA,NA,NA,NA,NA,NA,300,2189,503,299,140,1030,200,73,577,5203,1546,1828
"165",2020-12-12,NA,NA,NA,NA,NA,NA,NA,NA,NA,NA,NA,NA,297,2125,480,305,139,1005,192,76,568,5035,1500,1829
"166",2020-12-13,NA,NA,NA,NA,NA,NA,NA,NA,NA,NA,NA,NA,293,2064,462,312,138,981,185,80,559,4871,1454,1840
"167",2020-12-14,NA,NA,NA,NA,NA,NA,NA,NA,NA,NA,NA,NA,290,2015,442,322,137,957,178,83,550,4708,1410,1849
"168",2020-12-15,NA,NA,NA,NA,NA,NA,NA,NA,NA,NA,NA,NA,287,1960,422,334,135,934,171,87,541,4528,1366,1858
"169",2020-12-16,NA,NA,NA,NA,NA,NA,NA,NA,NA,NA,NA,NA,283,1899,404,344,134,912,164,90,533,4345,1324,1867
"170",2020-12-17,NA,NA,NA,NA,NA,NA,NA,NA,NA,NA,NA,NA,278,1846,386,352,132,891,158,94,524,4183,1282,1875
"171",2020-12-18,NA,NA,NA,NA,NA,NA,NA,NA,NA,NA,NA,NA,273,1791,369,363,130,871,150,98,516,4045,1240,1882
"172",2020-12-19,NA,NA,NA,NA,NA,NA,NA,NA,NA,NA,NA,NA,270,1741,351,370,129,851,141,102,507,3909,1195,1888
"173",2020-12-20,NA,NA,NA,NA,NA,NA,NA,NA,NA,NA,NA,NA,267,1692,334,376,128,829,133,106,499,3777,1151,1894
"174",2020-12-21,NA,NA,NA,NA,NA,NA,NA,NA,NA,NA,NA,NA,262,1649,320,384,126,810,125,110,491,3648,1109,1901
"175",2020-12-22,NA,NA,NA,NA,NA,NA,NA,NA,NA,NA,NA,NA,258,1608,302,392,126,790,119,114,482,3524,1068,1907
"176",2020-12-23,NA,NA,NA,NA,NA,NA,NA,NA,NA,NA,NA,NA,254,1563,287,401,124,772,112,118,474,3403,1027,1915
"177",2020-12-24,NA,NA,NA,NA,NA,NA,NA,NA,NA,NA,NA,NA,250,1517,274,409,123,757,106,122,470,3284,993,1933
"178",2020-12-25,NA,NA,NA,NA,NA,NA,NA,NA,NA,NA,NA,NA,246,1475,262,418,121,744,99,126,463,3169,959,1950
"179",2020-12-26,NA,NA,NA,NA,NA,NA,NA,NA,NA,NA,NA,NA,243,1422,248,427,120,727,93,131,459,3056,927,1967
"180",2020-12-27,NA,NA,NA,NA,NA,NA,NA,NA,NA,NA,NA,NA,241,1375,236,435,118,708,87,136,451,2947,895,1984
"181",2020-12-28,NA,NA,NA,NA,NA,NA,NA,NA,NA,NA,NA,NA,238,1334,224,444,117,689,81,141,443,2840,864,2000
"182",2020-12-29,NA,NA,NA,NA,NA,NA,NA,NA,NA,NA,NA,NA,236,1298,213,453,115,671,77,147,436,2718,836,2015
"183",2020-12-30,NA,NA,NA,NA,NA,NA,NA,NA,NA,NA,NA,NA,233,1255,204,462,113,654,72,153,431,2600,815,2030
"184",2020-12-31,NA,NA,NA,NA,NA,NA,NA,NA,NA,NA,NA,NA,228,1215,195,471,111,636,68,158,425,2486,782,2044
"185",2021-01-01,188,74,434,1176,885,1425,NA,NA,NA,329,164,601,221,1175,185,478,107,617,64,163,415,2374,749,2056
"186",2021-01-02,NA,NA,NA,NA,NA,NA,NA,NA,NA,NA,NA,NA,211,1137,176,485,103,597,60,168,400,2276,720,2065
"187",2021-01-03,NA,NA,NA,NA,NA,NA,NA,NA,NA,NA,NA,NA,204,1097,168,493,99,578,57,173,387,2182,693,2074
"188",2021-01-04,NA,NA,NA,NA,NA,NA,NA,NA,NA,NA,NA,NA,197,1062,160,504,96,561,53,178,374,2095,667,2072
"189",2021-01-05,NA,NA,NA,NA,NA,NA,NA,NA,NA,NA,NA,NA,191,1026,154,512,93,545,49,183,363,2032,642,2071
"190",2021-01-06,NA,NA,NA,NA,NA,NA,NA,NA,NA,NA,NA,NA,185,995,147,517,90,529,46,187,352,1972,618,2080
"191",2021-01-07,NA,NA,NA,NA,NA,NA,NA,NA,NA,NA,NA,NA,180,964,139,529,87,513,43,192,341,1913,595,2117
"192",2021-01-08,NA,NA,NA,NA,NA,NA,NA,NA,NA,NA,NA,NA,174,933,131,539,84,499,40,198,328,1851,572,2155
"193",2021-01-09,NA,NA,NA,NA,NA,NA,NA,NA,NA,NA,NA,NA,169,903,124,549,81,484,37,203,315,1780,550,2160
"194",2021-01-10,NA,NA,NA,NA,NA,NA,NA,NA,NA,NA,NA,NA,162,875,117,562,79,469,35,209,304,1711,529,2162
"195",2021-01-11,NA,NA,NA,NA,NA,NA,NA,NA,NA,NA,NA,NA,156,843,111,572,76,451,33,217,293,1644,508,2153
"196",2021-01-12,NA,NA,NA,NA,NA,NA,NA,NA,NA,NA,NA,NA,151,813,106,580,74,439,31,225,282,1580,492,2143
"197",2021-01-13,NA,NA,NA,NA,NA,NA,NA,NA,NA,NA,NA,NA,146,781,100,585,71,429,29,232,274,1523,477,2125
"198",2021-01-14,NA,NA,NA,NA,NA,NA,NA,NA,NA,NA,NA,NA,141,751,96,590,69,417,27,239,265,1475,462,2105
"199",2021-01-15,NA,NA,NA,NA,NA,NA,NA,NA,NA,NA,NA,NA,136,724,91,595,67,404,25,247,257,1428,448,2084
"200",2021-01-16,NA,NA,NA,NA,NA,NA,NA,NA,NA,NA,NA,NA,132,701,86,603,64,393,24,255,248,1382,431,2064
"201",2021-01-17,NA,NA,NA,NA,NA,NA,NA,NA,NA,NA,NA,NA,127,677,82,615,62,382,22,262,240,1326,413,2044
"202",2021-01-18,NA,NA,NA,NA,NA,NA,NA,NA,NA,NA,NA,NA,122,653,78,623,60,372,21,269,232,1275,397,2025
"203",2021-01-19,NA,NA,NA,NA,NA,NA,NA,NA,NA,NA,NA,NA,117,630,75,633,58,361,19,276,224,1226,381,2026
"204",2021-01-20,NA,NA,NA,NA,NA,NA,NA,NA,NA,NA,NA,NA,113,605,71,641,56,350,18,283,217,1179,367,2031
"205",2021-01-21,NA,NA,NA,NA,NA,NA,NA,NA,NA,NA,NA,NA,109,582,68,649,54,336,17,289,210,1130,354,2035
"206",2021-01-22,NA,NA,NA,NA,NA,NA,NA,NA,NA,NA,NA,NA,105,562,65,657,52,322,16,296,203,1086,342,2039
"207",2021-01-23,NA,NA,NA,NA,NA,NA,NA,NA,NA,NA,NA,NA,101,540,62,668,50,310,14,301,197,1045,330,2042
"208",2021-01-24,NA,NA,NA,NA,NA,NA,NA,NA,NA,NA,NA,NA,98,518,58,680,49,298,13,307,191,1006,318,2045
"209",2021-01-25,NA,NA,NA,NA,NA,NA,NA,NA,NA,NA,NA,NA,94,499,55,690,47,286,12,314,185,979,307,2047
"210",2021-01-26,NA,NA,NA,NA,NA,NA,NA,NA,NA,NA,NA,NA,91,478,52,698,45,274,11,319,178,949,297,2049
"211",2021-01-27,NA,NA,NA,NA,NA,NA,NA,NA,NA,NA,NA,NA,87,458,50,706,43,263,10,325,172,913,287,2050
"212",2021-01-28,NA,NA,NA,NA,NA,NA,NA,NA,NA,NA,NA,NA,83,442,48,711,41,254,10,331,167,874,279,2050
"213",2021-01-29,NA,NA,NA,NA,NA,NA,NA,NA,NA,NA,NA,NA,80,425,45,720,39,245,9,339,161,836,271,2050
"214",2021-01-30,NA,NA,NA,NA,NA,NA,NA,NA,NA,NA,NA,NA,77,411,43,727,38,237,8,347,156,801,261,2049
"215",2021-01-31,NA,NA,NA,NA,NA,NA,NA,NA,NA,NA,NA,NA,75,397,41,732,36,228,8,355,149,774,252,2048
"216",2021-02-01,42,18,94,160,106,232,NA,NA,NA,345,270,424,71,381,38,743,34,219,7,362,142,746,241,2044
"217",2021-02-02,NA,NA,NA,NA,NA,NA,NA,NA,NA,NA,NA,NA,68,367,36,751,33,211,7,368,138,720,229,2041
"218",2021-02-03,NA,NA,NA,NA,NA,NA,NA,NA,NA,NA,NA,NA,66,352,34,756,33,204,6,375,135,695,219,2038
"219",2021-02-04,NA,NA,NA,NA,NA,NA,NA,NA,NA,NA,NA,NA,65,339,32,772,32,196,6,385,132,671,208,2041
"220",2021-02-05,NA,NA,NA,NA,NA,NA,NA,NA,NA,NA,NA,NA,64,327,31,784,31,189,5,394,130,649,198,2038
"221",2021-02-06,NA,NA,NA,NA,NA,NA,NA,NA,NA,NA,NA,NA,63,314,29,794,31,181,5,404,129,628,189,2035
"222",2021-02-07,NA,NA,NA,NA,NA,NA,NA,NA,NA,NA,NA,NA,62,300,28,803,30,172,5,413,128,607,180,2037
"223",2021-02-08,NA,NA,NA,NA,NA,NA,NA,NA,NA,NA,NA,NA,61,288,26,813,29,165,4,423,127,586,172,2071
"224",2021-02-09,NA,NA,NA,NA,NA,NA,NA,NA,NA,NA,NA,NA,59,277,25,822,29,157,4,433,126,566,164,2091
"225",2021-02-10,NA,NA,NA,NA,NA,NA,NA,NA,NA,NA,NA,NA,59,266,23,830,28,150,4,444,126,542,157,2102
"226",2021-02-11,NA,NA,NA,NA,NA,NA,NA,NA,NA,NA,NA,NA,58,255,22,838,27,142,3,453,125,518,150,2096
"227",2021-02-12,NA,NA,NA,NA,NA,NA,NA,NA,NA,NA,NA,NA,57,246,21,843,27,136,3,463,124,496,144,2089
"228",2021-02-13,NA,NA,NA,NA,NA,NA,NA,NA,NA,NA,NA,NA,56,234,20,851,26,129,3,473,123,474,137,2081
"229",2021-02-14,NA,NA,NA,NA,NA,NA,NA,NA,NA,NA,NA,NA,55,224,19,854,25,122,3,480,122,456,131,2073
"230",2021-02-15,NA,NA,NA,NA,NA,NA,NA,NA,NA,NA,NA,NA,54,215,18,866,24,116,3,490,121,439,127,2078
"231",2021-02-16,NA,NA,NA,NA,NA,NA,NA,NA,NA,NA,NA,NA,53,207,17,879,24,110,2,498,120,423,122,2090
"232",2021-02-17,NA,NA,NA,NA,NA,NA,NA,NA,NA,NA,NA,NA,52,200,16,890,23,104,2,501,119,408,117,2104
"233",2021-02-18,NA,NA,NA,NA,NA,NA,NA,NA,NA,NA,NA,NA,51,193,15,892,23,99,2,500,118,395,113,2116
"234",2021-02-19,NA,NA,NA,NA,NA,NA,NA,NA,NA,NA,NA,NA,50,185,14,895,22,94,2,500,117,384,109,2131
"235",2021-02-20,NA,NA,NA,NA,NA,NA,NA,NA,NA,NA,NA,NA,49,178,13,910,21,89,2,502,116,374,105,2153
"236",2021-02-21,NA,NA,NA,NA,NA,NA,NA,NA,NA,NA,NA,NA,48,170,13,920,21,84,2,501,115,365,101,2174
"237",2021-02-22,NA,NA,NA,NA,NA,NA,NA,NA,NA,NA,NA,NA,47,163,12,925,20,80,2,498,115,355,98,2183
"238",2021-02-23,NA,NA,NA,NA,NA,NA,NA,NA,NA,NA,NA,NA,46,157,11,931,19,77,1,500,114,346,95,2176
"239",2021-02-24,NA,NA,NA,NA,NA,NA,NA,NA,NA,NA,NA,NA,44,150,11,937,19,73,1,505,112,337,92,2169
"240",2021-02-25,NA,NA,NA,NA,NA,NA,NA,NA,NA,NA,NA,NA,43,143,10,941,18,69,1,513,111,328,89,2162
"241",2021-02-26,NA,NA,NA,NA,NA,NA,NA,NA,NA,NA,NA,NA,42,137,9,945,18,65,1,516,109,319,86,2154
"242",2021-02-27,NA,NA,NA,NA,NA,NA,NA,NA,NA,NA,NA,NA,41,131,9,951,17,62,1,520,108,308,84,2146
"243",2021-02-28,NA,NA,NA,NA,NA,NA,NA,NA,NA,NA,NA,NA,40,126,9,957,17,59,1,528,107,296,81,2138
"244",2021-03-01,13,4,47,72,40,126,NA,NA,NA,1358,1279,1420,39,121,8,962,16,56,1,535,104,284,78,2129
"245",2021-03-02,NA,NA,NA,NA,NA,NA,NA,NA,NA,NA,NA,NA,37,116,8,967,15,53,1,539,100,273,76,2137
"246",2021-03-03,NA,NA,NA,NA,NA,NA,NA,NA,NA,NA,NA,NA,35,111,7,975,15,50,1,542,97,262,73,2144
"247",2021-03-04,NA,NA,NA,NA,NA,NA,NA,NA,NA,NA,NA,NA,34,105,7,983,14,47,1,541,95,252,71,2150
"248",2021-03-05,NA,NA,NA,NA,NA,NA,NA,NA,NA,NA,NA,NA,32,101,6,990,14,45,1,541,92,242,68,2143
"249",2021-03-06,NA,NA,NA,NA,NA,NA,NA,NA,NA,NA,NA,NA,31,96,6,997,13,42,1,541,89,234,65,2124
"250",2021-03-07,NA,NA,NA,NA,NA,NA,NA,NA,NA,NA,NA,NA,30,91,6,999,12,40,1,541,87,227,62,2131
"251",2021-03-08,NA,NA,NA,NA,NA,NA,NA,NA,NA,NA,NA,NA,29,87,5,1009,12,38,1,540,85,220,59,2142
"252",2021-03-09,NA,NA,NA,NA,NA,NA,NA,NA,NA,NA,NA,NA,28,83,5,1011,11,36,0,539,82,214,57,2148
"253",2021-03-10,NA,NA,NA,NA,NA,NA,NA,NA,NA,NA,NA,NA,27,80,5,1015,11,34,0,536,80,207,55,2177
"254",2021-03-11,NA,NA,NA,NA,NA,NA,NA,NA,NA,NA,NA,NA,26,76,4,1018,10,32,0,534,78,200,52,2193
"255",2021-03-12,NA,NA,NA,NA,NA,NA,NA,NA,NA,NA,NA,NA,25,73,4,1017,10,30,0,531,76,193,50,2207
"256",2021-03-13,NA,NA,NA,NA,NA,NA,NA,NA,NA,NA,NA,NA,24,70,4,1019,9,29,0,527,74,185,49,2221
"257",2021-03-14,NA,NA,NA,NA,NA,NA,NA,NA,NA,NA,NA,NA,23,67,4,1021,9,27,0,521,72,178,47,2234
"258",2021-03-15,NA,NA,NA,NA,NA,NA,NA,NA,NA,NA,NA,NA,22,63,3,1021,8,26,0,514,70,171,45,2251
"259",2021-03-16,NA,NA,NA,NA,NA,NA,NA,NA,NA,NA,NA,NA,21,60,3,999,8,25,0,516,66,161,43,2149
"260",2021-03-17,NA,NA,NA,NA,NA,NA,NA,NA,NA,NA,NA,NA,20,56,3,988,7,23,0,513,63,151,42,2101
"261",2021-03-18,NA,NA,NA,NA,NA,NA,NA,NA,NA,NA,NA,NA,19,53,3,980,7,22,0,510,61,143,40,2098
"262",2021-03-19,NA,NA,NA,NA,NA,NA,NA,NA,NA,NA,NA,NA,18,51,2,970,7,21,0,507,59,136,38,2101
"263",2021-03-20,NA,NA,NA,NA,NA,NA,NA,NA,NA,NA,NA,NA,17,48,2,966,7,20,0,504,58,129,36,2104
"264",2021-03-21,NA,NA,NA,NA,NA,NA,NA,NA,NA,NA,NA,NA,17,46,2,959,6,19,0,504,56,121,33,2106
"265",2021-03-22,NA,NA,NA,NA,NA,NA,NA,NA,NA,NA,NA,NA,16,43,2,948,6,18,0,501,54,113,31,2072
"266",2021-03-23,NA,NA,NA,NA,NA,NA,NA,NA,NA,NA,NA,NA,15,41,2,937,6,17,0,496,52,106,30,2034
"267",2021-03-24,NA,NA,NA,NA,NA,NA,NA,NA,NA,NA,NA,NA,14,38,2,926,5,16,0,492,50,100,28,2000
"268",2021-03-25,NA,NA,NA,NA,NA,NA,NA,NA,NA,NA,NA,NA,14,36,2,917,5,15,0,496,48,96,26,1984
"269",2021-03-26,NA,NA,NA,NA,NA,NA,NA,NA,NA,NA,NA,NA,13,34,2,916,5,14,0,500,46,92,25,1993
"270",2021-03-27,NA,NA,NA,NA,NA,NA,NA,NA,NA,NA,NA,NA,12,32,1,909,4,13,0,503,44,87,23,1979
"271",2021-03-28,NA,NA,NA,NA,NA,NA,NA,NA,NA,NA,NA,NA,12,31,1,899,4,12,0,504,42,82,22,1968
"272",2021-03-29,NA,NA,NA,NA,NA,NA,NA,NA,NA,NA,NA,NA,11,29,1,886,4,12,0,498,41,78,21,1984
"273",2021-03-30,NA,NA,NA,NA,NA,NA,NA,NA,NA,NA,NA,NA,11,28,1,878,4,11,0,490,39,74,20,1964
"274",2021-03-31,NA,NA,NA,NA,NA,NA,NA,NA,NA,NA,NA,NA,10,26,1,874,3,10,0,485,38,70,19,1920
"275",2021-04-01,0,0,12,7,2,23,NA,NA,NA,789,743,828,9,25,1,869,3,9,0,476,37,67,18,1857
"276",2021-04-02,NA,NA,NA,NA,NA,NA,NA,NA,NA,NA,NA,NA,9,24,1,856,3,9,0,465,35,64,17,1810
"277",2021-04-03,NA,NA,NA,NA,NA,NA,NA,NA,NA,NA,NA,NA,8,22,1,842,3,8,0,453,33,60,16,1793
"278",2021-04-04,NA,NA,NA,NA,NA,NA,NA,NA,NA,NA,NA,NA,8,21,1,832,2,8,0,443,32,57,15,1794
"279",2021-04-05,NA,NA,NA,NA,NA,NA,NA,NA,NA,NA,NA,NA,7,20,1,825,2,7,0,433,30,54,14,1786
"280",2021-04-06,NA,NA,NA,NA,NA,NA,NA,NA,NA,NA,NA,NA,7,18,1,812,2,7,0,423,29,51,14,1754
"281",2021-04-07,NA,NA,NA,NA,NA,NA,NA,NA,NA,NA,NA,NA,7,17,1,801,2,6,0,413,28,47,13,1722
"282",2021-04-08,NA,NA,NA,NA,NA,NA,NA,NA,NA,NA,NA,NA,6,16,1,785,2,6,0,407,27,44,12,1689
"283",2021-04-09,NA,NA,NA,NA,NA,NA,NA,NA,NA,NA,NA,NA,6,15,1,770,2,5,0,397,25,42,12,1657
"284",2021-04-10,NA,NA,NA,NA,NA,NA,NA,NA,NA,NA,NA,NA,6,14,1,753,2,5,0,386,24,40,11,1625
"285",2021-04-11,NA,NA,NA,NA,NA,NA,NA,NA,NA,NA,NA,NA,5,13,0,743,2,5,0,375,23,38,11,1614
"286",2021-04-12,NA,NA,NA,NA,NA,NA,NA,NA,NA,NA,NA,NA,5,12,0,732,1,4,0,365,22,36,10,1606
"287",2021-04-13,NA,NA,NA,NA,NA,NA,NA,NA,NA,NA,NA,NA,5,12,0,722,1,4,0,355,21,34,10,1593
"288",2021-04-14,NA,NA,NA,NA,NA,NA,NA,NA,NA,NA,NA,NA,4,11,0,708,1,4,0,345,20,33,9,1567
"289",2021-04-15,NA,NA,NA,NA,NA,NA,NA,NA,NA,NA,NA,NA,4,10,0,699,1,3,0,335,19,32,9,1547
"290",2021-04-16,NA,NA,NA,NA,NA,NA,NA,NA,NA,NA,NA,NA,4,10,0,689,1,3,0,325,18,30,9,1528
"291",2021-04-17,NA,NA,NA,NA,NA,NA,NA,NA,NA,NA,NA,NA,4,9,0,671,1,3,0,317,17,29,8,1508
"292",2021-04-18,NA,NA,NA,NA,NA,NA,NA,NA,NA,NA,NA,NA,3,9,0,660,1,3,0,309,17,28,8,1488
"293",2021-04-19,NA,NA,NA,NA,NA,NA,NA,NA,NA,NA,NA,NA,3,8,0,650,1,2,0,301,16,26,8,1469
"294",2021-04-20,NA,NA,NA,NA,NA,NA,NA,NA,NA,NA,NA,NA,3,8,0,640,1,2,0,291,15,25,7,1449
"295",2021-04-21,NA,NA,NA,NA,NA,NA,NA,NA,NA,NA,NA,NA,3,7,0,634,1,2,0,282,15,24,7,1454
"296",2021-04-22,NA,NA,NA,NA,NA,NA,NA,NA,NA,NA,NA,NA,3,7,0,627,1,2,0,274,14,23,7,1460
"297",2021-04-23,NA,NA,NA,NA,NA,NA,NA,NA,NA,NA,NA,NA,2,6,0,617,1,2,0,268,14,22,6,1467
"298",2021-04-24,NA,NA,NA,NA,NA,NA,NA,NA,NA,NA,NA,NA,2,6,0,605,1,2,0,257,13,21,6,1487
"299",2021-04-25,NA,NA,NA,NA,NA,NA,NA,NA,NA,NA,NA,NA,2,6,0,589,1,2,0,250,13,19,6,1506
"300",2021-04-26,NA,NA,NA,NA,NA,NA,NA,NA,NA,NA,NA,NA,2,5,0,577,0,1,0,243,12,18,6,1525
"301",2021-04-27,NA,NA,NA,NA,NA,NA,NA,NA,NA,NA,NA,NA,2,5,0,566,0,1,0,234,12,17,5,1522
"302",2021-04-28,NA,NA,NA,NA,NA,NA,NA,NA,NA,NA,NA,NA,2,5,0,556,0,1,0,222,11,16,5,1519
"303",2021-04-29,NA,NA,NA,NA,NA,NA,NA,NA,NA,NA,NA,NA,2,4,0,546,0,1,0,208,11,15,5,1517
"304",2021-04-30,NA,NA,NA,NA,NA,NA,NA,NA,NA,NA,NA,NA,2,4,0,537,0,1,0,198,11,15,5,1515
"305",2021-05-01,0,0,9,5,1,18,NA,NA,NA,314,290,332,1,4,0,526,0,1,0,190,10,14,4,1508
"306",2021-05-02,NA,NA,NA,NA,NA,NA,NA,NA,NA,NA,NA,NA,1,3,0,515,0,1,0,182,9,13,4,1500
"307",2021-05-03,NA,NA,NA,NA,NA,NA,NA,NA,NA,NA,NA,NA,1,3,0,502,0,1,0,176,9,12,4,1489
"308",2021-05-04,NA,NA,NA,NA,NA,NA,NA,NA,NA,NA,NA,NA,1,3,0,485,0,1,0,170,8,12,4,1471
"309",2021-05-05,NA,NA,NA,NA,NA,NA,NA,NA,NA,NA,NA,NA,1,3,0,471,0,1,0,164,8,11,3,1452
"310",2021-05-06,NA,NA,NA,NA,NA,NA,NA,NA,NA,NA,NA,NA,1,3,0,460,0,1,0,159,7,10,3,1432
"311",2021-05-07,NA,NA,NA,NA,NA,NA,NA,NA,NA,NA,NA,NA,1,3,0,451,0,1,0,153,7,10,3,1412
"312",2021-05-08,NA,NA,NA,NA,NA,NA,NA,NA,NA,NA,NA,NA,1,2,0,441,0,1,0,148,6,9,3,1391
"313",2021-05-09,NA,NA,NA,NA,NA,NA,NA,NA,NA,NA,NA,NA,1,2,0,429,0,1,0,143,6,9,3,1370
"314",2021-05-10,NA,NA,NA,NA,NA,NA,NA,NA,NA,NA,NA,NA,1,2,0,415,0,0,0,138,6,8,2,1348
"315",2021-05-11,NA,NA,NA,NA,NA,NA,NA,NA,NA,NA,NA,NA,1,2,0,401,0,0,0,133,5,8,2,1322
"316",2021-05-12,NA,NA,NA,NA,NA,NA,NA,NA,NA,NA,NA,NA,1,2,0,390,0,0,0,127,5,7,2,1293
"317",2021-05-13,NA,NA,NA,NA,NA,NA,NA,NA,NA,NA,NA,NA,1,2,0,378,0,0,0,121,5,7,2,1264
"318",2021-05-14,NA,NA,NA,NA,NA,NA,NA,NA,NA,NA,NA,NA,1,2,0,370,0,0,0,116,4,6,2,1235
"319",2021-05-15,NA,NA,NA,NA,NA,NA,NA,NA,NA,NA,NA,NA,1,2,0,361,0,0,0,111,4,6,2,1206
"320",2021-05-16,NA,NA,NA,NA,NA,NA,NA,NA,NA,NA,NA,NA,0,1,0,351,0,0,0,106,4,6,2,1177
"321",2021-05-17,NA,NA,NA,NA,NA,NA,NA,NA,NA,NA,NA,NA,0,1,0,340,0,0,0,101,4,6,1,1148
"322",2021-05-18,NA,NA,NA,NA,NA,NA,NA,NA,NA,NA,NA,NA,0,1,0,330,0,0,0,96,3,5,1,1127
"323",2021-05-19,NA,NA,NA,NA,NA,NA,NA,NA,NA,NA,NA,NA,0,1,0,320,0,0,0,92,3,5,1,1107
"324",2021-05-20,NA,NA,NA,NA,NA,NA,NA,NA,NA,NA,NA,NA,0,1,0,310,0,0,0,88,3,5,1,1087
"325",2021-05-21,NA,NA,NA,NA,NA,NA,NA,NA,NA,NA,NA,NA,0,1,0,301,0,0,0,84,3,4,1,1067
"326",2021-05-22,NA,NA,NA,NA,NA,NA,NA,NA,NA,NA,NA,NA,0,1,0,293,0,0,0,80,3,4,1,1048
"327",2021-05-23,NA,NA,NA,NA,NA,NA,NA,NA,NA,NA,NA,NA,0,1,0,285,0,0,0,76,3,4,1,1029
"328",2021-05-24,NA,NA,NA,NA,NA,NA,NA,NA,NA,NA,NA,NA,0,1,0,276,0,0,0,72,2,4,1,1010
"329",2021-05-25,NA,NA,NA,NA,NA,NA,NA,NA,NA,NA,NA,NA,0,1,0,270,0,0,0,69,2,4,1,991
"330",2021-05-26,NA,NA,NA,NA,NA,NA,NA,NA,NA,NA,NA,NA,0,1,0,263,0,0,0,66,2,3,1,971
"331",2021-05-27,NA,NA,NA,NA,NA,NA,NA,NA,NA,NA,NA,NA,0,1,0,253,0,0,0,62,2,3,1,949
"332",2021-05-28,NA,NA,NA,NA,NA,NA,NA,NA,NA,NA,NA,NA,0,1,0,245,0,0,0,59,2,3,1,930
"333",2021-05-29,NA,NA,NA,NA,NA,NA,NA,NA,NA,NA,NA,NA,0,1,0,237,0,0,0,56,2,3,1,912
"334",2021-05-30,NA,NA,NA,NA,NA,NA,NA,NA,NA,NA,NA,NA,0,0,0,230,0,0,0,54,2,3,1,893
"335",2021-05-31,NA,NA,NA,NA,NA,NA,NA,NA,NA,NA,NA,NA,0,0,0,222,0,0,0,51,2,3,1,875
